[{
        "id": 1,
        "category": "Спорт",
        "quizes": [{
                "1": {
                    "title": "Тест на возраст",
                    "descr": "Этот тест покажет вам ваш настоящий психологический возраст",
                    "available": true,
                    "quiz": [{
                            "title": "Год основания Древней Руси",
                            "variants": ["1002", "805", "882"],
                            "correct": 1
                        },
                        {
                            "title": "Укажите года правления Ивана грозного",
                            "variants": ["1446-1484", "1492-1515", "1533-1584", "1496-1533"],
                            "correct": 2
                        },
                        {
                            "title": "К внутренней политике Екатерины II нельзя отнести?",
                            "variants": [
                                "Принятие указа, заставившего всех дворян служить",
                                "Созыв Уложенной комиссии",
                                "Принятие «Жалованной грамоты дворянству"
                            ],
                            "correct": 2
                        }
                    ]
                }
            },
            {
                "2": {
                    "title": "Тест на возраст",
                    "descr": "Этот тест покажет вам ваш настоящий психологический возраст",
                    "available": false,
                    "quiz": [{
                            "title": "Год основания Древней Руси",
                            "variants": ["1002", "805", "882"],
                            "correct": 1
                        },
                        {
                            "title": "Укажите года правления Ивана грозного",
                            "variants": ["1446-1484", "1492-1515", "1533-1584", "1496-1533"],
                            "correct": 2
                        },
                        {
                            "title": "К внутренней политике Екатерины II нельзя отнести?",
                            "variants": [
                                "Принятие указа, заставившего всех дворян служить",
                                "Созыв Уложенной комиссии",
                                "Принятие «Жалованной грамоты дворянству"
                            ],
                            "correct": 2
                        }
                    ]
                }
            }
        ]
    },
    {
        "id": 2,
        "category": "Наука"
    },
    {
        "id": 3,
        "category": "История"
    },
    {
        "id": 4,
        "category": "Психология"
    }
]